parameter,true,fitted,rel_error_pct
psi,300.0,305.2886126097206,1.7628708699068625
omega,0.135,0.1371502328957479,1.5927651079614031
k,1.1,1.1045154934331973,0.41049940301793064
initial_volume,0.03,0.0299846168409346,-0.05127719688466833
