parameter,mean,std,q05,q50,q95
psi,344.13318334296827,110.19445185181567,197.49759555387297,324.36232341604654,558.2701959482363
omega,0.16837259785380676,0.040806473788556535,0.1107228247305966,0.162625096995322,0.2453349654333316
k,1.1847269947458396,0.3518839632057694,0.6796863656417246,1.1433915457562354,1.8214550012630362
initial_volume,0.0346500582985797,0.008613172124199106,0.021775283306182724,0.033990655781555267,0.05025638642871702
