scenario,n_measurements,n_points,observables,arms,local_cost,residual_norm,posterior_samples,mean_acceptance_fraction,mean_autocorr_time
dosegrid_total_2arm_d10,2,22,total_volume,10.0Gy@0.50/tx10;10.0Gy@1.00/tx10,0.09081079880635963,0.30134830148245345,1600,0.5750000000000001,24.418261155906237
dosegrid_total_4arm_d10,4,44,total_volume,10.0Gy@0.25/tx10;10.0Gy@0.50/tx10;10.0Gy@0.75/tx10;10.0Gy@1.00/tx10,0.2912880507663666,0.5397110808259976,1600,0.5714285714285714,24.216759359383133
dosegrid_total_fulldose_ladder,3,33,total_volume,4.0Gy@1.00/tx10;10.0Gy@1.00/tx10;16.0Gy@1.00/tx10,0.1815101201366328,0.42604004522654065,1600,0.575,23.293163231470942
dosegrid_total_partialdose_ladder,3,33,total_volume,4.0Gy@0.50/tx10;10.0Gy@0.50/tx10;16.0Gy@0.50/tx10,0.12541124647497018,0.3541345033669695,1600,0.580357142857143,23.022167353396647
dosegrid_total_dose_coverage_grid,6,66,total_volume,4.0Gy@0.50/tx10;4.0Gy@1.00/tx10;10.0Gy@0.50/tx10;10.0Gy@1.00/tx10;16.0Gy@0.50/tx10;16.0Gy@1.00/tx10,0.46100420483981225,0.6789729043487761,1600,0.5836904761904763,25.346490795304213
dosegrid_total_plus_immune_grid,12,132,immune_effect;total_volume,4.0Gy@0.50/tx10;4.0Gy@1.00/tx10;10.0Gy@0.50/tx10;10.0Gy@1.00/tx10;16.0Gy@0.50/tx10;16.0Gy@1.00/tx10,0.68520600374846,0.827771709922766,1600,0.5852380952380953,25.91490923037341
